DocID,TFIDFVectorSum,TFIDFFieldVectorSum,BM25plusVectorSum,BM25plusFieldVectorSum
0,0.08341935344722695,0.08308715886788842,0.06796873061914523,0.06889301851522403
1,0.08552176587499084,0.08617781969054805,0.06937417836602251,0.07109680624407104
2,0.07557847813727113,0.07574612494086759,0.06563154585223209,0.06620656562289337
3,0.07380865290789003,0.07676576402685642,0.06358857599970555,0.06614342433642274
4,0.07284347471835595,0.07427850643114997,0.06318230652112689,0.06488776390283253
5,0.06941784532111628,0.07039312516777355,0.06115114929560598,0.06250743929407371
6,0.10726258315648675,0.10560127003288072,0.0646759003245478,0.06653182451479062
7,0.0724986098970647,0.07286782523825938,0.06316787816483084,0.06413822909093528
8,0.08790750026506645,0.0884134228705247,0.06957543046029033,0.07112659935504197
9,0.07752967166393815,0.0775594426761183,0.06645416500392139,0.06736189386552029
10,0.08282528996171461,0.08174020291911317,0.06789648039268882,0.068358787726884
11,0.0652267628635116,0.06673823310363089,0.05752513632962637,0.059449931227229524
12,0.07764766966815563,0.07859579019346409,0.06618791300354204,0.06757401522744823
13,0.07644966256861163,0.0773617129033181,0.06535013045381942,0.06667013602274423
14,0.08969210711719533,0.08904462528083137,0.07004125717666378,0.07095400324189685
15,0.08055697459443784,0.08217023448019298,0.06624092899735393,0.06833492981311254
16,0.07555069473230182,0.07693668336057051,0.0638027844168104,0.06584729756169592
17,0.08855083572836843,0.08909093969974761,0.0696506554284545,0.0708049781680695
18,0.0725643943857347,0.0738076467966281,0.06301511016219465,0.06433073844271261
19,0.08947453545805002,0.08846035689799223,0.06959807347649988,0.07049859383996845
20,0.08206492597072287,0.083498959832332,0.06805353886477185,0.07015850998544688
21,0.08041225739160915,0.08004904164024995,0.06679073201871084,0.06731124191009875
22,0.07769028168961127,0.07879770764389114,0.06548212634184826,0.06704499905473942
23,0.09033280958494735,0.09085326152522706,0.06949747186273958,0.0708290716754752
24,0.07487575883333951,0.0749797851509568,0.06481492125488211,0.0655446698621154
25,0.07442697404298376,0.07493943081565432,0.0642777836169926,0.06545004565056216
26,0.07690508076295714,0.07734606723955104,0.06529647339785037,0.06629510197172259
27,0.08333082122282191,0.08350378789544981,0.06932915002553738,0.0704095924367644
28,0.07879569790017105,0.07987797310915801,0.06688245250583179,0.06839749191053149
29,0.08629337742808015,0.08625111498162528,0.06943665327403828,0.07039950122497067
30,0.08222730518353263,0.08333247865515306,0.06724467868571345,0.06862071087755296
31,0.0938050281273501,0.09423277776115155,0.07071212336012903,0.0726351341069891
32,0.09091179592374281,0.09159688921809717,0.07039462675245861,0.0717115516822915
33,0.0751770214077146,0.07530030116325237,0.06383460975002718,0.0647829699097087
34,0.08732395285473718,0.08810172322439791,0.06876791186929972,0.07043327135831184
35,0.07452017007952928,0.07475759345242323,0.06422697194405819,0.0651760566559592
36,0.07884365557204501,0.07915561209851565,0.06653739539310159,0.0675537733825113
37,0.08461966048892665,0.08545069807315395,0.07114388842541215,0.07284744451913476
38,0.0771805965293911,0.07804357560535172,0.06470743472798415,0.06610060243469774
39,0.09198406995659127,0.09153555107928223,0.07287598037680473,0.07353542063887099
40,0.08143687908648752,0.08549123445217365,0.0724341858080905,0.07498260636639602
41,0.08183010849922623,0.08221504516414227,0.06916522258780346,0.07027964888285491
42,0.06770333064415553,0.0690835813228816,0.05929615282110802,0.060875476426091375
43,0.08405076518231808,0.08464174865640307,0.0686213525241758,0.0699882295321473
44,0.07352533031112789,0.074790029109749,0.06334344777402974,0.06484657448287681
45,0.09547259451031867,0.09506935268117109,0.07167628046253874,0.07252810307469207
46,0.11076635022631523,0.10818730954083416,0.06800810950019182,0.06938940345045846
47,0.08686655817765093,0.08803145741961513,0.07139174861212634,0.07311554508902526
48,0.08200765917084872,0.08381407782836521,0.06664879900828778,0.06917614438030595
49,0.07220979220617159,0.07318792133195025,0.06297250560680676,0.06445184763125705
50,0.09488193808104325,0.09488430971039444,0.06951103059376353,0.07090407271039423
51,0.07115554417624147,0.07206651849557093,0.061967392567446655,0.0631957293222841
52,0.08082482739369187,0.08204719822229804,0.0670405059072512,0.0686936290958534
53,0.08748567348619184,0.08801419429430213,0.0695545682004201,0.07099352330260601
54,0.08309168552333492,0.08410617440051232,0.06776120972210267,0.06952291475909085
55,0.07649790340590167,0.07707940761385916,0.06517150067540486,0.0663152317058936
56,0.0961381759848302,0.09567945885858044,0.07035092413742612,0.07165579100139043
57,0.0786033847241891,0.07916250716663606,0.06574488065216487,0.06671249054420306
58,0.11723874201306321,0.11285599502135744,0.06328502586466378,0.06440244552380431
59,0.0824208420322031,0.08186239988474972,0.06813110383659164,0.06849568601735123
60,0.07438114803046043,0.07436306525964874,0.0643200803351976,0.06495111306394774
61,0.08048626984199393,0.08051471835986782,0.06631353359444357,0.06745617435973839
62,0.10106471296540816,0.09993695057054998,0.07234384962897403,0.07406188802850007
63,0.07789857879929597,0.07843127355224748,0.06535742267041166,0.06632946131381957
64,0.07985241725994777,0.08091696895070581,0.06767088633068741,0.06889002934137756
65,0.11362049457079958,0.11090365309982331,0.06332953352855544,0.06562803968015356
66,0.08265361024704394,0.08317730553807312,0.06828959689086847,0.06925310768757703
67,0.09231898441171807,0.09131334778209267,0.06865357272552515,0.06953380840238338
68,0.07367448319401482,0.07349775834428361,0.06385558139640715,0.06429654297106092
69,0.07749651623661279,0.07925878266669774,0.06592675539720255,0.06813800061909374
70,0.08184395560596182,0.08146451467190921,0.06908357525040458,0.06951673115683754
71,0.08110618565694905,0.08207110767877072,0.06853683057477213,0.06993093822681405
72,0.08194477353668801,0.0820708600603834,0.06767667888711186,0.06845967416223979
73,0.08381777688557243,0.08372923797788795,0.0699940864233009,0.07099810994942551
74,0.07266459010909329,0.07423059038992177,0.06193383244226703,0.06365090765336522
75,0.0878571985243506,0.08683098429104456,0.06974799018872957,0.07041366499537081
76,0.07713468375402914,0.07724478803316433,0.06491052364313901,0.06572893431995887
77,0.08479697617024796,0.08560000964487621,0.069984344573098,0.07084205973355008
78,0.07933315886725006,0.07917651574932937,0.06700595683275569,0.06753327892995421
79,0.08144501590153608,0.08264543570030193,0.06732710926555244,0.06874860802023108
80,0.09443043364169629,0.09335927182711132,0.07067858493526924,0.07164702856740914
81,0.07696152074630924,0.0785338056039053,0.06516460748633536,0.06678576748288995
82,0.08022637989143704,0.07921652323707021,0.06707711222213471,0.06722110160208529
83,0.08371586904557313,0.08329574244359003,0.06940835802547796,0.07005732069257703
84,0.08562036771907235,0.08490397091118185,0.06948898452870597,0.06989627461757814
85,0.0932318800580032,0.09119511404566355,0.07027637667816454,0.07099845388845474
86,0.10153018079610199,0.10033724786547069,0.06580244020930447,0.06622245213941558
87,0.08504985148243321,0.08602212887009282,0.07165778090635151,0.07298479830724877
88,0.07693817936338934,0.07758642517597171,0.0665834317407343,0.0678085620123968
89,0.07942907450148251,0.07984394396455866,0.06679529146786399,0.06780675878942583
90,0.0870907813361284,0.0875114641384866,0.06996891097825644,0.07097259334791788
91,0.07655044523573051,0.07558004123107362,0.06510421564965896,0.0653294773194724
92,0.08581085912505902,0.08495781379245039,0.0705333978293327,0.07101955275965145
93,0.08902558385242075,0.08964009170998775,0.07035470003601157,0.07163468484029598
94,0.08167439231842175,0.08136933087184758,0.0677554997775972,0.06843862684986024
95,0.07192958547314836,0.07306212908074809,0.06427853820571253,0.06552606371628873
96,0.07651505410037003,0.07675043859211433,0.06512079876144122,0.06621776575837302
97,0.11313503641042914,0.10944823932631999,0.06307968529836051,0.06356830129319672
98,0.07871561771501198,0.07795611909327509,0.06651886868363328,0.06685467135028017
99,0.07762805625390119,0.07686299045364255,0.06717779403224498,0.06762997726022356
100,0.07503217521073136,0.07582158199717345,0.0646837297548915,0.06588243331917605
101,0.08857812464192562,0.08758523779758498,0.07211247290879824,0.0722820578157377
102,0.07562971335933584,0.07550189570448049,0.06480179195337699,0.06576464496594728
103,0.10305804693061704,0.10256136232155906,0.0754515866571032,0.0759939269616042
104,0.08273540364925702,0.08330650273884928,0.06926475026922736,0.07055566939116728
105,0.07527602499546826,0.07448494133731741,0.06528506482521244,0.06572804939200651
106,0.08653697227014014,0.08738353281278544,0.07018568730353554,0.07134304376432415
107,0.08609991784772941,0.08499443529094888,0.07063899634147817,0.07101541762990549
108,0.07904203999853848,0.07919072044028935,0.06843874013204496,0.06906010951792635
109,0.08527167214036666,0.08485175031139298,0.06853536424597051,0.06940601391913545
110,0.08006750166695163,0.08313611655256288,0.06689344508722046,0.06958004130700328
111,0.08493057813196278,0.08756836480726701,0.06903512423691704,0.07154664778138886
112,0.07152163986609862,0.07400634981251322,0.0628862233199107,0.06509222807554146
113,0.08920206304660874,0.08944187090939994,0.06970637798462215,0.07084409769601806
114,0.07928661945212878,0.08018823841200913,0.06816867214092229,0.06961696740181736
115,0.08107532654490796,0.08125364847890604,0.06857563054168463,0.06998086908370589
116,0.0947328933456569,0.09681452978805488,0.06537275413435135,0.06745597937681806
117,0.08801833997246329,0.08753708084372565,0.07111143795242003,0.07158960736371191
118,0.08746128236135652,0.08813200074207143,0.06904579759759957,0.0705089083047686
119,0.08129797038983198,0.08069586854305043,0.06820755803417648,0.06879402921897544
120,0.07088409903531614,0.07225375932149408,0.061332269760242676,0.06327001429234905
121,0.08166545857252355,0.08134224065788444,0.06792416097076386,0.06879120602834304
122,0.073827226056535,0.07511295275120654,0.06371201537071278,0.06523821136866657
123,0.0835211477800918,0.08273918355950736,0.06836115035017078,0.06892805735961485
124,0.08509210427367746,0.08475497230235494,0.07054052172939815,0.07099702401493897
125,0.07473665073947594,0.07504618366326692,0.06295489918673221,0.06462355736876249
126,0.07554815801508248,0.07570690452960294,0.06577557319625088,0.0664040498019031
127,0.09574616055040767,0.09680346822430823,0.0674442737214688,0.06910720250150179
128,0.07465883775779793,0.07439040084441476,0.0641876606469612,0.06499157942564693
129,0.07022735679153828,0.07056877613460551,0.06108577405037867,0.06171458068353256
130,0.09416811932629154,0.09314719586856247,0.06980568765672578,0.07087619150665377
131,0.08308216184131355,0.08400777687012186,0.06783051873337351,0.06975349607387496
132,0.07820422177191282,0.07689055740407835,0.06590828285744753,0.06597278960340225
133,0.07509416973340687,0.07515126304017683,0.06454120245562221,0.06527453154024034
134,0.07265948495161854,0.07494733595455522,0.06260676235922864,0.06513565139297679
135,0.09442133251506829,0.095631750917058,0.0723735229383746,0.0739974780946654
136,0.08189159338481614,0.08281080555944642,0.06659054208823183,0.06788585182245412
137,0.09251532719929748,0.0891797639597322,0.07307793014032442,0.07236902904458366
138,0.08330403257407933,0.08406685906770281,0.0691306644432025,0.0701446538788541
139,0.08228614615466523,0.08238065606444005,0.06880443352594089,0.06992855466520836
140,0.0880820613861069,0.08794385889756584,0.06990585554556074,0.0708006330182666
141,0.0802577541799263,0.07964655755858244,0.06788773565525115,0.06806381812380488
142,0.07835556761111091,0.0775405991561883,0.06658094093202443,0.06661479978385627
143,0.08059640594591022,0.080604661016568,0.06718214134302765,0.06776451181415528
144,0.06532077549556059,0.06648209881604576,0.05785085596905308,0.05925518813797309
145,0.07837278154905787,0.07739630000064723,0.06631180461161269,0.06632623014601398
146,0.07821606400554974,0.07777094537321198,0.0678375929903864,0.06815911680837733
147,0.1033251683653536,0.10266122199621391,0.07339333810718791,0.07394302732663528
148,0.07817615788426242,0.07780247702185943,0.0665971063812006,0.06704814087750703
149,0.09072463912270236,0.09008256857708932,0.07190978996739501,0.07269859334690525
150,0.08732246493867162,0.08686977834799368,0.07113082491922268,0.07157816085022703
151,0.075542093511419,0.07525712562647623,0.06445143488975416,0.06512821722771035
152,0.07891053405519259,0.07898704899027964,0.06660110192210923,0.06743875789627432
153,0.08759570340690712,0.0884070598423963,0.0725737939700149,0.07383559382000032
154,0.08850226435822045,0.08790981562600889,0.07132056801422973,0.07177406720937189
155,0.07753725021331535,0.07750580437905252,0.0647535930391909,0.06552519148185686
156,0.07465271246087082,0.0747347467170446,0.0633066770640746,0.06423216997161565
157,0.08391143148913341,0.08499937451243844,0.07132446979113298,0.07248593610324626
158,0.0755749595789963,0.07700923407439267,0.06462953069518108,0.06643972645103545
159,0.07539456332434408,0.07431160898345131,0.06409619157548743,0.06403322888571772
160,0.0839163607960955,0.08432631157506591,0.06914683178285405,0.07025492114553249
161,0.07525354007512955,0.0747642185265811,0.06506623654135847,0.06525029501612578
162,0.07548741282255422,0.0739771719403214,0.06426961146244242,0.06389744300896592
163,0.09454175949036558,0.09465793721336077,0.07249984340326603,0.07401821698243181
164,0.07808526653671165,0.07801708222541211,0.06715523282553329,0.06776675156129855
165,0.07894967496815865,0.07998160596171294,0.06656298811558407,0.06780705648286386
166,0.07317033372851756,0.07405848401692454,0.06418838454380997,0.06526316913852441
167,0.0845235670915887,0.0852149273948097,0.06920275639816173,0.0703359517671709
168,0.08218791795958681,0.08112703352107398,0.06997609050659766,0.07012964516949122
169,0.07779463188136869,0.07923576903747082,0.06559843873115083,0.06702215175228665
170,0.07717164806244782,0.07788057248131627,0.06572894613114487,0.06671933468171069
171,0.0789706572272053,0.07886359733716573,0.06639254330638647,0.06729571634123448
172,0.08242510776559245,0.08286860687724301,0.06631561451122081,0.06720911953454299
173,0.08552453214630433,0.08386057039178452,0.07012574412194068,0.07017433344766472
174,0.08222989972388113,0.0805940007121027,0.06751461013895807,0.06752226978235217
175,0.07968227215109715,0.08098991507600596,0.06734473025586993,0.06859492083887676
176,0.07836271548533968,0.07936166528498173,0.0664462544101387,0.06767533770469666
177,0.0925443827100062,0.0921367116406124,0.07064652880682938,0.07141790213680015
178,0.07949488567097437,0.07920272976033933,0.0669572721894115,0.06767241355858741
179,0.0783997605370972,0.07795018286517608,0.06481292318513046,0.06538516851217101
180,0.08341723174666506,0.08231163082143526,0.0691739075325647,0.06958631376613054
181,0.0862597156041327,0.0889033285541129,0.06946436411804915,0.07205726127408948
182,0.08027142134061854,0.0820289112208441,0.06637568746680375,0.06811512221774546
183,0.09719658669154854,0.09741839488630803,0.07313923172165498,0.07460253460175907
184,0.08314238254822562,0.0818647107118706,0.06754957007739402,0.06784281755814879
185,0.09145367981515333,0.08997738431088563,0.07047136821693244,0.07072844991728605
186,0.09049796889572469,0.09040502801167244,0.07395109195759415,0.07492779361062153
187,0.09578434663947592,0.09332178974250963,0.07019946548025309,0.07111172585273089
188,0.08029713657320209,0.08087491024269307,0.06686972321780159,0.06831877184013292
189,0.08642956821819386,0.08564114286146657,0.07158945019811715,0.07195430661863923
190,0.08502338490493615,0.08442251674979741,0.07013409968654293,0.0708048814609127
191,0.0791383476330075,0.07855926269642509,0.06692223616922395,0.06756810563188823
192,0.09044186142435774,0.09190459905275682,0.07124399949469878,0.07319333276372487
193,0.07826114113329093,0.07848343765270804,0.06745432489820104,0.06812767755655191
194,0.08339862613794204,0.08496796520512923,0.06946253273810922,0.07113487346296052
195,0.08312062374109583,0.08278596200331483,0.06903823937566464,0.06974431874589083
196,0.07549434563744628,0.07606777054740294,0.0647497747791809,0.06569769926693451
197,0.07460502941581651,0.07440609042932643,0.0642989146686401,0.06469385482218847
198,0.07690412434790055,0.07780957233532713,0.06530055277045071,0.06640099711857433
199,0.07353381679947808,0.07404726392518722,0.06319010172380583,0.06434277353303933
200,0.07297026245750812,0.07314216813858385,0.06331346989612802,0.06412367404627557
201,0.07561732270088718,0.0769930411678024,0.06460463157394485,0.06625772533669828
202,0.07888526215422718,0.07928877102479545,0.06750765204511318,0.06842735680305499
203,0.07666268538261434,0.07707307230093181,0.06578997866756181,0.06688651025658873
204,0.09217538917855622,0.09267055677901231,0.07007902727129868,0.07163788974085389
205,0.09513540402017934,0.09566556001098564,0.07258655976671582,0.07408816804361901
206,0.07866535211303395,0.08007092422952308,0.06704885355176292,0.06846683171705388
207,0.08430243010351515,0.08483793683017518,0.06774662174816246,0.06906738018519432
208,0.075168632393122,0.07610834676863351,0.06483273119348554,0.06586792157481451
209,0.06996667770174338,0.07082322194993086,0.061769817196410316,0.06277230538227076
210,0.0807512274157617,0.0810549484820414,0.06829367394907883,0.0693548872506091
211,0.07555235890329919,0.07697984345949285,0.06440122918931958,0.06592627447541999
212,0.08455810714455668,0.08470878098720738,0.0688422698230288,0.06985898138606224
213,0.07343162469704738,0.07389596755535277,0.06447807039908465,0.06570193886548018
214,0.08834840610331428,0.08791547327219912,0.07171401107735823,0.0723158039170336
215,0.07170805927042667,0.07183293536992255,0.06127591962608712,0.06202387662493974
216,0.08085381875701735,0.0811705496146636,0.06829536191477428,0.06930800670463422
217,0.07414003153543618,0.07451535214628359,0.06462425498501934,0.06543821494358242
218,0.07733487151286397,0.07827085877191271,0.0653713590615724,0.06698384269558137
219,0.07247479550488914,0.07378410855516045,0.06168430603100502,0.063448995990324
220,0.08278134784481808,0.08260634854815081,0.0685559685841339,0.06921529668118118
221,0.08931178734227284,0.08885438567782852,0.06882812886522066,0.06994059753189538
222,0.07619842815352493,0.07526896221816057,0.06502824793702944,0.06514581404912838
223,0.06454482741563308,0.06555506414716936,0.05708755930360658,0.05841709864025713
224,0.07729595022278007,0.07847200810676735,0.06572005258766432,0.06739842449874502
225,0.08122197244828364,0.08118010280232499,0.06726372775957488,0.06798590791091763
226,0.07529927237286614,0.07528142398719787,0.06412543081958388,0.06474945217157065
227,0.08100860157097375,0.08091415463999507,0.0669155673404904,0.06768983914287495
228,0.07404602865291192,0.0762268124157898,0.06318867730654923,0.06572260376753417
229,0.07969930856360087,0.07965485250145299,0.06638372713622599,0.06715866542213103
230,0.07467362329403539,0.07541088901546253,0.06411560900659727,0.0652342177114139
231,0.07758461509384428,0.07790592312947432,0.06684459164654959,0.06755580552965776
232,0.07613712507833899,0.07648263438795667,0.06443564287497851,0.06537493887720298
233,0.08076191313781451,0.08141120215447353,0.06724859782072835,0.06837737674471907
234,0.08297615307393641,0.08509504682330947,0.06872900937928896,0.07105531816463925
235,0.07298958886865421,0.07333927348209016,0.06315685304193852,0.06392922426690362
236,0.08085470607991997,0.07994781804808614,0.06790027944252365,0.06808806016047139
237,0.0810906523300948,0.08286131421465893,0.0677013270163223,0.07017260224008087
238,0.08637179046602284,0.08659067585339542,0.07095291878111577,0.07200803027014652
239,0.0900269317268324,0.0908541811342349,0.07215371595439539,0.07401997444997323
240,0.08398504080472347,0.08423696464662696,0.06809205500279736,0.06939314779833411
241,0.07790164869142926,0.07814145003601183,0.06593334790176385,0.0667850279325807
242,0.08403007546497222,0.08381679101001124,0.06858730756304672,0.06946001610126044
243,0.08109395667627173,0.08231456366298114,0.06754704501188437,0.069286513657065
244,0.08291678813095081,0.08385937215583306,0.06809893646590122,0.06976898870885433
245,0.07684181470949707,0.07675736834623492,0.06548939732273526,0.06609591739133912
246,0.08123043026083004,0.08111266967401433,0.06789341799734891,0.06863149105351493
247,0.09261740568436568,0.09125181806711119,0.0712463625936778,0.0718528427663869
248,0.07699664334478397,0.07822764968671264,0.06471550804983617,0.06660787912239573
249,0.07594293203299961,0.0757799473034617,0.06462867207435095,0.06515006907267944
250,0.10908052964474298,0.10691673104564449,0.06503630674734384,0.06627901354698722
251,0.07588058150726736,0.07676179199439659,0.06505212659242071,0.06634028608983422
252,0.0833505245820174,0.08259077703462973,0.06820748183641467,0.06877289188335327
253,0.07574199619771578,0.07622909280530953,0.06576035421367152,0.06698587208583531
254,0.07620254647325221,0.07813379903253029,0.064297598154429,0.06639086183121803
255,0.07330434469523987,0.07473761852548372,0.06410794869017289,0.06562763685293595
256,0.07243238789820376,0.07363661289482779,0.06357027335495821,0.0650925333794416
257,0.07846188669151022,0.0793176279364327,0.0666206900273211,0.06780280532241637
258,0.09482324909940637,0.0952545900065034,0.07171828530329404,0.07346819889686235
259,0.07901124157913662,0.07951509392139722,0.06593608526250243,0.06709784924904867
260,0.08397291654707621,0.084558494527763,0.0692148262577511,0.07052715472707095
261,0.07629742766335854,0.07672671659455434,0.06621399082433947,0.0670089239139938
262,0.07827666530055621,0.07817872904847384,0.06553190930034437,0.06635337685092568
263,0.07889966963203676,0.07982148799958153,0.065353922244528,0.06678801216732932
264,0.07625029937689812,0.07733590747883608,0.0653198972110068,0.06646339533427759
265,0.07896465380445601,0.07892752560689242,0.06703606390385212,0.06767600853839985
266,0.07548707328546178,0.07702880432761362,0.06488271715178595,0.06661443035050273
267,0.06697978108361506,0.06818655770758297,0.058913463459995846,0.06043182271677183
268,0.0824229323626995,0.08272805483149147,0.06853626772986848,0.06961024869315842
269,0.07706059815853838,0.07882105340067441,0.06502346159676427,0.06688995496981552
270,0.08717815238625397,0.08717230916344666,0.06951648841773277,0.07014227134510656
271,0.07320005702336083,0.07377406754223591,0.06354221079239701,0.06443690232456428
272,0.08154469205070403,0.08122434196258221,0.06819680222132438,0.06872968666976828
273,0.08309951334120622,0.08234376017826231,0.06833859960123562,0.06887174595324125
274,0.07288238610397811,0.0740342203407408,0.0630280171946527,0.06442865930006397
275,0.0747864549824153,0.07655450643526009,0.06389791544712457,0.06593434786195021
276,0.07893502729092827,0.07931281064186675,0.06494819677572942,0.066114969361049
277,0.08366984554403491,0.08337661155265992,0.07030659023657274,0.07082554706427904
278,0.0761979171759752,0.07637772284141539,0.06474706804800351,0.06544836110470906
279,0.07288809729413491,0.07393010042800705,0.06428168075644905,0.06562849647576845
280,0.08279288073358178,0.08182903262967715,0.06826128607118348,0.06874270526655733
281,0.09068228431582312,0.09109363869729377,0.06823202490056843,0.06950355798862452
282,0.0893532062946416,0.08888657666552192,0.06873231187876697,0.06959286365761481
283,0.0789979047421553,0.07888072163999388,0.06655586146405237,0.06736141514666776
284,0.07441805544686328,0.07500768997066942,0.06408575836231489,0.06524465267803334
285,0.09009566764065066,0.08991387023871066,0.07062244498401021,0.07162084569655004
286,0.08262887135696245,0.08350949699559305,0.06786797346768712,0.06949005796406804
287,0.08354186862059772,0.08416266852784599,0.06909886737992427,0.07053164197228302
288,0.0837134779407005,0.08281414708494507,0.06851936644327584,0.06900133187375067
289,0.08102276823026154,0.08292924363190149,0.06727305982271792,0.06938663793232178
290,0.0646557281970798,0.06571993619463927,0.05739826116716792,0.05881046259159825
291,0.07294651715076736,0.07357123064196883,0.06349903873321686,0.06463762760415395
292,0.0788947598047728,0.07998807148708535,0.06656125208256837,0.06817476037831686
293,0.0791047937970136,0.08182228506022246,0.06415510538753193,0.06695217104994407
294,0.07464453206028786,0.07431575129315204,0.0642801132287717,0.06475384732100793
295,0.07618399670091863,0.0776721399140593,0.06571942843095967,0.06756372660878492
296,0.07537808392765137,0.07552443394635143,0.06411349450596282,0.06510334369885014
297,0.08209789130685351,0.0833403107224287,0.0661737308631479,0.06784294736862165
298,0.06419336805540683,0.06618362832481317,0.0558822469778213,0.05834904423411531
299,0.0756525187234762,0.0764009757687558,0.06432027234242679,0.06555978123274718
300,0.07768142000236647,0.07865223576490103,0.06595987415545186,0.0674695259797322
301,0.08336316852711353,0.08291326529404204,0.06971250697977105,0.07028510456718919
302,0.08275957907628381,0.08282246357774153,0.06944469604845876,0.07043484970036523
303,0.07508224725268883,0.07585670007794164,0.06408129738465244,0.06529368622548921
304,0.08074877165251874,0.08135217666940334,0.0668550876124231,0.0680567729263063
305,0.08084087673561144,0.08214205560834896,0.06776617757686679,0.06913441643946834
306,0.08841033841166095,0.08682978907397158,0.07101361473217323,0.0711945168147385
307,0.08822522228589487,0.0884961013384612,0.07097488180396701,0.0721522080108407
308,0.07654406336099587,0.076438895751374,0.06605005161265588,0.06668328828399109
309,0.08635049341830113,0.08562067697141654,0.06766158823972335,0.06859700397981625
310,0.0775921670104817,0.07831426156706958,0.06620931845538748,0.06725874493343567
311,0.09571463663721759,0.09635153528660799,0.07032112322555696,0.07210521765703677
312,0.07384748886550264,0.0741816037585902,0.06351699314469537,0.0646333105655661
313,0.08115975818451415,0.08176833834599509,0.06839213505036525,0.06968189130074262
314,0.07913011002883664,0.07896628854622265,0.06705512730718823,0.06767562876911175
315,0.10110808353144221,0.09994562949197941,0.06982699068436929,0.07096888677706609
316,0.08112200493755194,0.0808698284583993,0.06715558795559223,0.06794461963860694
317,0.08248285906831049,0.08232104642080836,0.07005518266824658,0.07079121140131837
318,0.07655978370685515,0.07695234207680478,0.06520297451533594,0.06613483630588252
319,0.08076863578057891,0.08132115885848235,0.06822646635870776,0.06910174792247387
320,0.07555555621180109,0.0763964223164642,0.06469463675227996,0.0660874274688551
321,0.0806416392865184,0.08158237123883195,0.067315267342641,0.06858726233129905
322,0.0852902651426712,0.08513809355089334,0.06964346912861864,0.07109303497458484
323,0.08550095453749602,0.08585721601970174,0.06999582037700898,0.07128605784861383
324,0.07892718607560552,0.07965501018384592,0.06674319188338296,0.06814184041143204
325,0.07918736178644299,0.08147075441823166,0.06781064132775634,0.06979640440951677
326,0.0804865328173891,0.08111135528488207,0.0690925356861621,0.07021929233229497
327,0.08159111284666933,0.08139515519266387,0.06766676070525211,0.06865521230343974
328,0.07772789835306496,0.07895317405188736,0.0660260681352241,0.06787598338796554
329,0.07327770547168393,0.07368000694323203,0.06329755192850924,0.06430882416770846
330,0.08490489527269798,0.08497367970941315,0.06917572099602236,0.06984055691480132
331,0.08873974749801627,0.08877141733945687,0.0711810966945716,0.07217666420293842
332,0.07820636991517183,0.07885994960574504,0.06499603454549316,0.06625951017841958
333,0.08022016570985296,0.08103709700536754,0.06759406044263867,0.06874962576712472
334,0.08231052423565587,0.08378481255558289,0.06850705960718755,0.07008942396158721
335,0.08205578523513649,0.08234680833426002,0.06767264218220574,0.06877373519342464
336,0.06938707370827309,0.07195149494837133,0.060057050500002845,0.06266050914070168
337,0.08102416763212489,0.08055466445057392,0.06768738550705755,0.06804329747564124
338,0.08325321673148914,0.08448769474389772,0.06878108943001918,0.07024008510835697
339,0.07457287597561844,0.07512658505766068,0.06406396148359715,0.06523720007643373
340,0.09140816295393182,0.09378380928496993,0.07028865172432576,0.07270645366237277
341,0.07932640346413503,0.07883282191978455,0.06703878017710624,0.06736538150580355
342,0.07526534431612313,0.07579833382053172,0.06432245940908718,0.06519922461914304
343,0.07231034014239185,0.07382280878986108,0.062051831896380964,0.0641010394717384
344,0.08359546846263975,0.08478374606493962,0.06797951976411923,0.06963735627594468
345,0.07535368425280482,0.07535481537517541,0.06475520728645169,0.06537904446664128
346,0.08804139239111472,0.08861628824457304,0.06700589758481917,0.0688223889443949
347,0.08110054773858014,0.08174733426389877,0.06712101974202775,0.06817365789042704
348,0.07668892163625941,0.0767858693393372,0.06543347587369784,0.0662585410629669
349,0.07797467095522356,0.07867574872238721,0.06416563016996718,0.0658540549584117
350,0.07919912584286902,0.07999385744669801,0.06667693393250801,0.06809700138065365
351,0.08063044730817631,0.08252977937879705,0.06868653432622158,0.07058644302376794
352,0.08298068977747591,0.08317474513400197,0.06686187907999903,0.06801557613783826
353,0.07652323377223375,0.07649957182330472,0.06538103463697002,0.06613497515185907
354,0.07750444134346247,0.07772551515146943,0.0661373573164447,0.06693266336821345
355,0.09017125178972978,0.09006008928024271,0.07134526349763672,0.07260814222477052
356,0.08737118505817001,0.08683205577024823,0.06913655324996554,0.07007130581514198
357,0.07629729561950446,0.07657504350469835,0.06434353101665241,0.065455924309817
358,0.0917221797248799,0.09136610007552454,0.07033315037085483,0.07154106785056921
359,0.07548023159939611,0.07638526506236487,0.06504581006321586,0.06605194122200293
360,0.0725625899127286,0.07341152209405255,0.06260332695543254,0.06398457846940199
361,0.0846104777498755,0.08464777410747511,0.06969434261189107,0.07019072789168376
362,0.07299343818901671,0.07506887137837212,0.06211119085739265,0.06449502124764321
363,0.07315920042165612,0.07489392047073029,0.0632272963302103,0.06497851634847202
364,0.08428860902277759,0.08456214496190587,0.07058045427829074,0.071680634458477
365,0.08223779425064547,0.08402803039104785,0.06908138268473579,0.07112524524489386
366,0.07819222424785832,0.07902013291856086,0.06655708969216084,0.06811074228616529
367,0.08449522827997889,0.08395712109542203,0.06802520956498863,0.06898175064111015
368,0.0796709718110933,0.07955591415840403,0.06781123277521744,0.06858363649027766
369,0.07148051110649511,0.07230094267809732,0.06218244829342436,0.06355010619349231
370,0.07296052699003172,0.07361858043059889,0.062046136862133554,0.06356537032958877
371,0.0920066046419363,0.09288591140228582,0.07058608233659294,0.0723681986942527
372,0.07650659703167327,0.07909843953034713,0.06458276536922544,0.06721290299918144
373,0.08054202990259979,0.08189750955363712,0.06620114296396923,0.0679816651601862
374,0.08865644536414141,0.0888887505378285,0.06962388903667525,0.07052884332966453
375,0.07454158987780153,0.07508304775944442,0.06408371212768815,0.06496622261528792
376,0.0791755625060673,0.07955265904294831,0.06739277262535892,0.06838728769167357
377,0.08337245754665475,0.08389962271031363,0.06867279037948881,0.06994520126048188
378,0.07485092960383753,0.07644157676265101,0.06361776838965875,0.0654510660363424
379,0.08083318149976751,0.08074313075599,0.06757557930379204,0.0685665057615974
380,0.08494857929482241,0.08503972125086286,0.06960796248284966,0.07086811609028404
381,0.07868231252169813,0.07859364959948255,0.06766779557854677,0.06872034673287045
382,0.07928084539350641,0.07944190647331499,0.06577509974331171,0.0669252055739682
383,0.09351664315313436,0.09455265197117503,0.07106078149723136,0.072784740184505
384,0.08275336892187792,0.0842764031561579,0.06622226281943408,0.06816784725708445
385,0.08191159172843648,0.0807584858729789,0.06707138410463258,0.06716447527056672
386,0.07903150477121382,0.0787713820561553,0.0678262850076211,0.06836490883669841
387,0.0810964902014551,0.0808686002549367,0.06767983899313224,0.06856018740151769
388,0.0897959271135541,0.08942377358276224,0.07074164949279299,0.07154769050483613
389,0.08168959570363014,0.08228150982569817,0.06739587437101568,0.0685091944972506
390,0.07443378984301414,0.0755208395540058,0.06353323716893741,0.06493065577972194
391,0.08486691389467978,0.08493056559225917,0.06997427869129083,0.07095613704719933
392,0.08025823217726628,0.08056106140997615,0.06676136073741783,0.06804846224365317
393,0.07211547897268883,0.07385329621803699,0.06199017133752001,0.06387238859608921
394,0.07644793799371001,0.07609822312768433,0.06610656384943538,0.06660049082434305
395,0.08341576648914975,0.0837077453680505,0.06787030050049535,0.06910496887757492
396,0.07964045138961047,0.07986700110584276,0.06502736875107487,0.06640869731001821
397,0.074282231650139,0.07524837539564774,0.0637296721889071,0.06526553393130421
398,0.08101529781296815,0.08129675949077322,0.06813451611570955,0.06893419420055583
