doc_id,word,TFIDFVector,TFIDFFieldVector,BM25plusVector,BM25plusFieldVector,score_disparity
203,dma,0.3257541800831638,0.3846377243909828,0.2585159338165873,0.2944322218834785,0.09020550250750431
203,iii,0.2221026242536203,0.255610141884672,0.1818078994387486,0.1988161329441191,0.05679400894055292
203,datasetvideogamegrand,0.1135097408073701,0.2522606350753976,0.1119201824527868,0.2098902549292037,0.042370380146193876
203,rockstar,0.1862403450902799,0.2199052749132135,0.1568300010452561,0.1786187991743053,0.0412864757389082
203,design,0.1749463349409455,0.2065697519063265,0.1475431092735106,0.1680416554819309,0.038528096424395614
116,andreas,0.5217093691254234,0.4786853417115507,0.3886034369263866,0.3754583761817235,0.10322696552982719
116,san,0.4084670551777479,0.3873078938955249,0.3005156896598496,0.2880807157955501,0.09922717809997478
116,rockstar,0.3946255151193887,0.3429442923081825,0.2815440757171898,0.2595120513728093,0.08343224093537321
116,andreashtml,0.24724265212206,0.4344701267116038,0.2507991032917487,0.3746091271401439,0.059860999571459905
116,north,0.328505222303788,0.3067074545125412,0.2655679623015275,0.2643526079831209,0.04235484652942034
206,vice,0.3717871147665147,0.4151813815937619,0.2836082551439063,0.2974345739647824,0.11774680762897949
206,rockstar,0.2246807407469675,0.2552370353115911,0.180873554050368,0.194351095118625,0.06088594019296609
206,cityhtml,0.133173046913428,0.2921724299594154,0.1304346826557633,0.2440560455936722,0.0481163843657432
206,north,0.2001031812653231,0.2332504101092531,0.1692542807384942,0.1933525341946748,0.0398978759145783
206,city,0.1632522654436619,0.1670579456249684,0.1293747979718567,0.1304928034770203,0.03656514214794809
205,andreas,0.428789015587127,0.4640627297136285,0.326349852090869,0.3352692407632965,0.128793488950332
205,san,0.3070075788618284,0.3322631175481758,0.2405050285379285,0.2470782131539453,0.08518490439423049
205,rockstar,0.2772338104778755,0.2866863583283678,0.2179090244266279,0.2205337379412319,0.0661526203871359
205,special,0.2278556843918384,0.2188674628577522,0.1675201631358357,0.1599516669780543,0.05891579587969789
205,edition,0.2743455554230315,0.2525830583732384,0.2077442377402546,0.1981338049717057,0.0544492534015327
58,warrior,0.4087301931611126,0.3516723503057107,0.3402617032979305,0.2958238768400151,0.0558484734656956
58,dynasty,0.4208001030286987,0.3588236728293237,0.3740856018070657,0.3328857374049516,0.025937935424372116
58,4,0.2568490316523362,0.2190197013660448,0.229987871492933,0.2046581900674324,0.014361511298612378
58,action,0.0693677070030455,0.0696022820995478,0.0693007410472917,0.0676500781996031,0.0019522038999447017
58,email,0.0001435967605577,0.0001000969247226,0.0002777253572363,0.0002323073919088,-0.0001322104671862
204,liberty,0.558621322624117,0.5461201579592163,0.3976866453373098,0.3868479796574641,0.15927217830175222
204,rockstar,0.3193752659558924,0.2978985842272145,0.241258618310872,0.2312474081993953,0.0666511760278192
204,leeds,0.3624643119097694,0.4086371026943149,0.3047387882044205,0.3444468922956634,0.06419021039865153
204,city,0.2169020311115121,0.2120480667222921,0.1648245340854579,0.1603323590483169,0.05171570767397518
204,storieshtml,0.1893005031705489,0.3429728004473965,0.1992544822469897,0.3046479356006983,0.03832486484669817
65,soccer,0.4961447545185692,0.4346154583936527,0.4251987481092706,0.3732106237450069,0.06140483464864577
65,fifa,0.5627535945773037,0.4885609923753802,0.5073166712871083,0.4558776024806871,0.032683389894693105
65,2004,0.1893152054327172,0.1643561685419887,0.1757024185873631,0.1578871775146819,0.006468991027306803
65,sport,0.1823039536704076,0.1862333646237802,0.1876611107327174,0.1851967689720073,0.0010365956517729147
65,email,0.0001375998952347,9.765386958969616e-05,0.0002743150015224,0.000231389711023,-0.00013373584143330384
97,chaos,0.3848858898718129,0.3204628630052489,0.333523019595075,0.2948392170666801,0.025623645938568806
97,war,0.2455015654287565,0.2044089861433277,0.2144762738537827,0.189600156352632,0.014808829790695699
97,o3,0.4460952148606077,0.4030679775313645,0.4190767793559184,0.3940844646883725,0.00898351284299198
97,factory,0.4460952148606077,0.4030679775313645,0.4190767793559184,0.3940844646883725,0.00898351284299198
97,datasetvideogamechaos,0.2979556501604904,0.4326510124061273,0.3558120369168662,0.4255928231740776,0.007058189232049705
250,x,0.3980285359626852,0.3465302749459844,0.3291173052138542,0.2920255251076218,0.054504749838362565
250,man,0.2947464590167964,0.2751494546175253,0.2570435542350319,0.236215997977301,0.03893345664022432
250,capcom,0.3266625413514166,0.2913715815243781,0.2844697755966766,0.2584179797631961,0.032953601761182005
250,collection,0.3798674344636604,0.3200230176129373,0.3297530941234955,0.2947444893854888,0.02527852822744847
250,mega,0.3944702207118341,0.364953917131312,0.3633814181372636,0.342151901322247,0.02280201580906499
6,quad,0.6124191206031794,0.5666345731270308,0.5278685085776981,0.4797862703488321,0.08684830277819872
6,racing,0.2266588107308648,0.2006436646059712,0.190869935821957,0.166109186853391,0.0345344777525802
6,power,0.1954583620013847,0.1808458648509876,0.1800657596678411,0.16366401451252,0.017181850338467614
6,atv,0.4139186389213816,0.3795535497445462,0.3982238370132641,0.3708539998331517,0.008699549911394489
6,2,0.1253484115172163,0.1149415128301002,0.1234686366011945,0.1149826642245269,-4.1151394426688914e-05
86,echo,0.421238772702998,0.396683886503259,0.3832020336088264,0.3649778245299481,0.031706061973310884
86,sampler,0.3724856672282856,0.3474378655503383,0.3481591697517411,0.330645513046655,0.016792352503683272
86,demo,0.3439669287318755,0.3239163794026,0.3250770254131722,0.3096171082982307,0.014299271104369293
86,alter,0.3237325617535731,0.3048615158572028,0.3078367444134794,0.2931967354878503,0.011664780369352479
86,outrage,0.421238772702998,0.3675618820397373,0.3832020336088264,0.3561673319868804,0.011394550052856889
46,cry,0.5490803361476754,0.5160093419379461,0.4692022050623053,0.4344763319127716,0.08153301002517455
46,may,0.2764967674647166,0.2598434247863235,0.2426366031089226,0.2246789554037602,0.03516446938256329
46,capcom,0.330596753331374,0.2968575182587986,0.2894613960992908,0.2649147832869427,0.0319427349718559
46,devil,0.3860358585156204,0.3595448458607116,0.3578388879902824,0.3395801801582314,0.019964665702480233
46,2,0.1376314337903763,0.1281867255493501,0.1292682982682261,0.1226723910897696,0.005514334459580494
267,football,0.2388615521892371,0.2504299838505295,0.2234342615815422,0.2228651111112234,0.027564872739306107
267,ncaa,0.2576171324232384,0.2738482411680997,0.2475670783636389,0.2555476508910534,0.01830059027704628
267,06,0.2222276412391229,0.2489746049328686,0.2174259041055713,0.23692355987573,0.01205104505713861
267,heisman,0.228442520909345,0.2075665018883758,0.2142280816065565,0.1974283350334989,0.010138166854876896
267,drill,0.1843059874785824,0.167463346778569,0.1722252624717991,0.158719373135039,0.008743973643529995
91,modellista,0.3114111596048026,0.374524625011623,0.2601014479391831,0.3014187968574217,0.0731058281542013
91,datasetvideogameauto,0.1483890861052951,0.3112350838357277,0.1462578429095536,0.2670929988338725,0.04414208500185518
91,modellistahtml,0.1483890861052951,0.3112350838357277,0.1462578429095536,0.2670929988338725,0.04414208500185518
91,capcom,0.1740912799448624,0.2018586074802039,0.1507950092420839,0.1656815812486904,0.036177026231513504
91,production,0.1277215956905311,0.1666923061414989,0.1177550310866933,0.1498565942511654,0.016835711890333505
223,jak,0.328906094984139,0.3352957938191239,0.3022089729969608,0.2998925918993051,0.03540320191981877
223,naughty,0.1741780766164848,0.2508867320405141,0.163338549628512,0.2393921320142816,0.011494600026232482
223,datasetvideogamejak,0.1028723779103964,0.238132323907981,0.1026764253563415,0.2279606125106391,0.01017171139734191
223,racing,0.104049932497898,0.114992179623793,0.1021873911449666,0.1060875863084276,0.008904593315365403
223,krews,0.2158892364472677,0.191515352368057,0.203394245479908,0.1832381830212557,0.00827716934680131
144,nhl,0.279518014529222,0.2914140731309305,0.2618399480440605,0.2650058789198907,0.026408194211039793
144,06,0.230644526701834,0.2504319173145347,0.2218464363201803,0.2336872011519772,0.016744716162557488
144,06html,0.1070651944627845,0.2534617424355274,0.1065964998143787,0.2390078153246151,0.014453927110912285
144,fancy,0.1812771321407658,0.1644599522907261,0.1687288664365678,0.155420898869516,0.009039053421210114
144,goalkeeper,0.1812771321407658,0.1644599522907261,0.1687288664365678,0.155420898869516,0.009039053421210114
290,brave,0.2630336082737918,0.2798816230715817,0.2474323451262388,0.2564086681089393,0.0234729549626424
290,phantom,0.2475602644350074,0.2634171696644119,0.2343099069811024,0.2428101756183164,0.020606994046095534
290,bravehtml,0.1046046350559595,0.2482596539634832,0.1035775369879684,0.2339008954098167,0.0143587585536665
290,ni,0.1685127154113493,0.2210912535026267,0.1648660945304819,0.2089235998529376,0.012167653649689109
290,marona,0.1771110429184998,0.1610845504896352,0.1640199277534833,0.1520055555597899,0.009078994929845291
281,piece,0.4296201614366241,0.4249928011041112,0.3481287507202661,0.3350310027061332,0.08996179839797802
281,datasetvideogamefrom,0.2016273007712,0.3714018831117374,0.2137573196098715,0.3359841558040727,0.03541772730766468
281,ganbarion,0.3018736983535805,0.3460068313365355,0.2772241182272473,0.3146983476580623,0.031308483678473165
281,one,0.155854764424058,0.14678008383318,0.1263670113681872,0.1176836642853372,0.029096419547842797
281,battle,0.1455119284392195,0.1315425810787182,0.1151361803764967,0.1046095386448919,0.026933042433826285
265,live,0.2266256483031535,0.2668670782839742,0.1986495203385433,0.2165427712233286,0.05032430706064561
265,nba,0.2384173421419584,0.2583504953000805,0.2086431314206027,0.2185247933627627,0.03982570193731777
265,simulation,0.1534244988829231,0.1998239158309464,0.1428664693195554,0.1772560664341411,0.022567849396805312
265,2005html,0.1014581730384916,0.2326637956453032,0.1078931205238499,0.2149210527523373,0.0177427428929659
265,sport,0.1187031704536759,0.1330145666844742,0.1067312493906117,0.1153615511190246,0.017653015565449598
11,ape,0.3273899844457753,0.3462044099090098,0.3037995364808981,0.3124015212235175,0.033802888685492305
11,escape,0.1963076746065276,0.2225422564719172,0.1930219053469035,0.2068555246334906,0.015686731838426587
11,datasetvideogameape,0.1063147262302579,0.2507567932698633,0.1060794850903015,0.2401460379967488,0.010610755273114475
11,specter,0.1800064789687638,0.1627048321433646,0.1688893417073261,0.1548314937139465,0.007873338429418092
11,kei,0.1800064789687638,0.1627048321433646,0.1688893417073261,0.1548314937139465,0.007873338429418092
264,live,0.2163477771329452,0.2559472175082016,0.195244870580929,0.2137458256680127,0.042201391840188895
264,nba,0.2510586483485623,0.2593205388117685,0.2194317418360802,0.220553815957516,0.03876672285425248
264,06,0.2311289948456127,0.2780309867593995,0.2135379926700842,0.2456469804710404,0.032384006288359135
264,ea,0.1421165167750085,0.1523821237345584,0.1311811264962622,0.1382552465244685,0.0141268772100899
264,sport,0.1133197731967769,0.1275717801156545,0.1047746541264186,0.113679709721623,0.013892070394031508
42,dt,0.3134830735067601,0.3487124410819548,0.2900251493916753,0.3163046694593451,0.032407771622609716
42,datasetvideogamedt,0.1201343293178189,0.2715134517842235,0.1191479375217486,0.2569005418229367,0.01461290996128678
42,demolition,0.2866758726280312,0.2482952423867078,0.2661672473651756,0.2357675194963486,0.012527722890359194
42,racer,0.1979554587923613,0.2051984729964656,0.1918925496081055,0.1943792567254585,0.010819216271007098
42,axis,0.1798635112987488,0.2529483919952032,0.1713495649851443,0.2448587167066842,0.008089675288519005
147,x,0.3298155193675656,0.3004113477758901,0.2646153339807035,0.2408222246376035,0.059589123138286626
147,namco,0.3069914485743605,0.2481439357141885,0.2243071427315531,0.1927816913012237,0.055362244412964806
147,capcom,0.3166723883443614,0.2525935995721444,0.2451649692241415,0.2127760821726429,0.039817517399501484
147,capcomhtml,0.230717829012002,0.3894606780486901,0.2669385251102946,0.3661534687132824,0.023307209335407697
147,monolith,0.3454276482081954,0.3628308343855761,0.3269028078458078,0.3404801545075171,0.022350679878059
214,datasetvideogamegunhtml,0.1605690810819845,0.3622039947744145,0.1667701422127882,0.296419321897465,0.0657846728769495
214,gun,0.2507383579183888,0.2672648076774198,0.1968920114795845,0.2020882546939494,0.06517655298347039
214,neversoft,0.2464163270078679,0.2953291533136321,0.2124475636738163,0.241771746647127,0.053557406666505075
214,shooter,0.110473140093067,0.1681390242677575,0.1030297051007633,0.138310570332827,0.0298284539349305
214,activision,0.1315501523387626,0.184649145349092,0.1224288211077622,0.1574007598888354,0.027248385460256597
319,heart,0.2034283850800556,0.2477081709946181,0.1802088654871968,0.2001150544228805,0.04759311657173759
319,nautilus,0.2086698314750626,0.2930152959011431,0.1955385133706857,0.2606259793148437,0.0323893165862994
319,shadow,0.190147890357116,0.2240487219726204,0.1723168389328969,0.1927777937125627,0.0312709282600577
319,aruze,0.1926933768635082,0.2705810726961694,0.182574764081561,0.2433470822023082,0.027233990493861188
319,johnny,0.3215969501553825,0.2781191846456677,0.27570220732757,0.2513349190691129,0.026784265576554778
197,god,0.2383775960581706,0.2721378480695118,0.211952583021464,0.2339168716340841,0.03822097643542771
197,santa,0.1888639793958626,0.2569521841391328,0.1744408277769913,0.2313733475454682,0.025578836593664583
197,monica,0.1888639793958626,0.2569521841391328,0.1744408277769913,0.2313733475454682,0.025578836593664583
197,warhtml,0.1115461086693023,0.2438894247002356,0.1154499233453017,0.222478033859354,0.021411390840881617
197,datasetvideogamegod,0.1115461086693023,0.2438894247002356,0.1154499233453017,0.222478033859354,0.021411390840881617
301,resident,0.2641798328855863,0.3114436837449348,0.2201970334559274,0.2466824688386807,0.06476121490625411
301,evil,0.1715496652743596,0.2097315938351014,0.140854183853752,0.1569218336090564,0.052809760226045
301,capcom,0.1853285610646707,0.2332372163913339,0.1562571168896823,0.1804548549456316,0.05278236144570231
301,datasetvideogameresident,0.1289898820014679,0.2936482880334142,0.1344334707411665,0.25108897438098,0.042559313652434205
301,4,0.1346209887714251,0.1587057429569813,0.1138883354559307,0.1275868948880274,0.031118848068953903
271,nhl,0.2779696807444374,0.3142142081715389,0.2458632692727082,0.2675167983561898,0.04669740981534909
271,07,0.2276467590596498,0.2729893504062329,0.2067449153946591,0.2377070694352337,0.0352822809709992
271,datasetvideogamenhl,0.1065247344724694,0.2446525394838168,0.1111241589431952,0.2250402082426589,0.019612331241157882
271,07html,0.0953976017245479,0.2190971480769873,0.1005249545203059,0.2035755043185301,0.015521643758457188
271,sport,0.0897631286810988,0.1170868790180829,0.0844772271985517,0.1055527155359553,0.011534163482127602
279,odin,0.2567328697254881,0.3030232598092743,0.2302740821882551,0.261582708663428,0.04144055114584633
279,sphere,0.1996507286150531,0.2587855626911969,0.186919281755713,0.2324639560097345,0.02632160668146241
279,datasetvideogameodin,0.1075864209832868,0.2432019121859784,0.1110518815883164,0.2233751393727293,0.0198267728132491
279,spherehtml,0.1075864209832868,0.2432019121859784,0.1110518815883164,0.2233751393727293,0.0198267728132491
279,vanillaware,0.1610769507434138,0.2265726880688436,0.1540781095161646,0.2114527276568545,0.015119960411989097
159,ssx,0.2515367959558999,0.3270046250215139,0.2229572218162023,0.2739716917601641,0.05303293326134978
159,datasetvideogamessx,0.1297962635889325,0.2942760661120381,0.1331335324526863,0.2592327505830682,0.03504331552896989
159,ea,0.1440281875142226,0.1598234343686915,0.127993953256112,0.1391406530008427,0.020682781367848818
159,3,0.1127917282597135,0.133522657599126,0.1004121152984426,0.1133963658145896,0.020126291784536385
159,sport,0.10099894426237,0.1300530572441206,0.0920879270352253,0.112515959299923,0.01753709794419761
70,night,0.2392483912986735,0.2886072714403865,0.1981645805040944,0.2188921333739055,0.069715138066481
70,fight,0.1679476884862638,0.2025966563688629,0.1401129597166256,0.154768448466857,0.0478282079020059
70,datasetvideogameea,0.131714968687193,0.2944629023763607,0.1365852912760554,0.2540596465660795,0.0404032558102812
70,sport,0.1024919547999373,0.1466760605314953,0.0910318025622288,0.1154491190426419,0.031226941488853383
70,2004html,0.1043908072374577,0.233376816522311,0.1108701505167504,0.2062274128630984,0.02714940365921259
277,underground,0.2576629737448069,0.3070872721725988,0.2158918112671226,0.2375647845156741,0.0695224876569247
277,speed,0.2092147557405315,0.249345832289616,0.1762108241475782,0.1939002976641555,0.05544553462546048
277,need,0.2188591354451643,0.2524042478150463,0.1887207357986559,0.2092625439185133,0.04314170389653299
277,datasetvideogameneed,0.1232863340947611,0.2723089739325884,0.1304690133077393,0.242979254224133,0.02932971970845541
277,canada,0.133537317803271,0.1835330560128155,0.1247412918285366,0.1638505997994869,0.019682456213328592
142,streethtml,0.158009131369237,0.3500704857218817,0.157380039665453,0.3035747819419077,0.04649570377997403
142,nba,0.2320888911050102,0.2684804274795851,0.2057919865220193,0.2290414773783035,0.03943895010128162
142,street,0.1532167568926682,0.1772411432176954,0.1369236101263329,0.1523926489137153,0.024848494303980118
142,datasetvideogamenba,0.1031464049527144,0.2285216795343554,0.1085093611267533,0.2093067565158377,0.01921492301851771
142,canada,0.1315309450571426,0.181328423059782,0.1237508602640572,0.1650701224455712,0.016258300614210797
361,toronto,0.2686626232970636,0.3709494351819814,0.2403191210983613,0.3155779100313662,0.05537152515061522
361,rockstar,0.2164812687850348,0.2655503164084588,0.1910887206957954,0.217394743003953,0.04815557340450577
361,warrior,0.2336256301061194,0.2364013957952676,0.193268664516154,0.1921912512784164,0.04421014451685118
361,warriorshtml,0.1403116613199541,0.3113412016918995,0.1481188751445581,0.2768073497553171,0.03453385193658237
361,datasetvideogamethe,0.0907185937796206,0.201297851778266,0.0989013458260526,0.1848287019370437,0.016469149841222303
64,soccer,0.2073996026976194,0.2666797339755503,0.1890003335593437,0.2204327763327486,0.04624695764280168
64,fifa,0.2674912603811497,0.3103993353070563,0.2394585061224256,0.2656089887069846,0.04479034660007175
64,07,0.2395502307422621,0.277976305801915,0.2166185613135862,0.2402747680061437,0.03770153779577132
64,datasetvideogamefifa,0.112094829849749,0.2491218394767673,0.1222126830941719,0.2312226584441683,0.017899181032598993
64,decision,0.26195068982933,0.2230996034956882,0.2314195194089052,0.2091682622862056,0.013931341209482584
2,cambridge,0.2181628244124359,0.3094670818188137,0.1956308157252954,0.26410219809399,0.045364883724823724
2,datasetvideogame24html,0.1288504785155692,0.2937346059202326,0.1310578520345805,0.2544637252385928,0.03927088068163981
2,24,0.186112946815095,0.1965542092830035,0.1602994036133054,0.1646616108832184,0.03189259839978509
2,2k,0.1472782044224824,0.2089162361226851,0.1392656737114116,0.1880090844065752,0.02090715171610988
2,sce,0.1308135214291835,0.1855608481791578,0.1242958867984967,0.1677998264016857,0.017761021777472102
298,deadlocked,0.3406149192694688,0.3583889245760656,0.3148901978091222,0.3225594938187641,0.035829430757301495
298,ratchet,0.3152066365320206,0.30736734207192,0.2881274131763923,0.2754365657005404,0.03193077637137959
298,deadlockedhtml,0.1106093149226217,0.2595820702969917,0.1112360792766413,0.2490982831952705,0.01048378710172121
298,vox,0.232126067537775,0.2087660794868341,0.2192963968707359,0.2007009650422616,0.008065114444572502
298,dreadzone,0.1872778497049041,0.1684311584318504,0.1764446072000768,0.1614828307572793,0.006948327674571098
148,speed,0.2054072472620147,0.2258493915936526,0.1732895670207543,0.179253102163226,0.046596289430426596
148,need,0.219624129484919,0.2307948143680017,0.1886780128704573,0.1941007708266375,0.03669404354136421
148,underground,0.2162327555107523,0.2408132620581413,0.1897446569329525,0.2050705976834491,0.0357426643746922
148,undergroundhtml,0.1301758860237808,0.2799506122806345,0.1352046305142793,0.2501220653552543,0.029828546925380228
148,box,0.1915587840785421,0.2563407104586316,0.1773547545805369,0.2293038681965827,0.027036842262048916
235,lego,0.2979967394567242,0.2941706770244353,0.2631247611743461,0.256192780995376,0.037977896029059266
235,tt,0.2097482652013433,0.2809108141433177,0.1926322992175476,0.2559862975268535,0.02492451661646422
235,star,0.1576871558169588,0.1679201377578959,0.1429113332888258,0.1445107474721545,0.023409390285741405
235,war,0.1357850924664831,0.1500727051268086,0.1248967725584281,0.130418368738691,0.019654336388117588
235,trilogy,0.1755066637103471,0.2166001127854238,0.1665918209253267,0.2005380311626418,0.016062081622782
198,god,0.3201494368481364,0.2910119300264093,0.270598654606722,0.2452570925026628,0.04575483752374648
198,war,0.1718888969618802,0.1658336211246556,0.1477632224377061,0.1371918152812357,0.02864180584341991
198,divine,0.1325633222471665,0.2775960478753896,0.1398106764473595,0.2569572125971552,0.020638835278234402
198,retributionhtml,0.1325633222471665,0.2775960478753896,0.1398106764473595,0.2569572125971552,0.020638835278234402
198,ii,0.1934867389900463,0.1994206958576594,0.1791133676794173,0.1798532012659387,0.01956749459172069
329,sly,0.2608583835950377,0.2913948343288718,0.2352647355571668,0.2569600975203768,0.034434736808495015
329,among,0.22941034364165,0.2814263118080822,0.2106993004528692,0.2514962316553743,0.029930080152707872
329,thief,0.2118459266068381,0.2598793796745969,0.1967304261918336,0.2348226156083953,0.02505676406620161
329,sucker,0.22941034364165,0.2607657844020614,0.2106993004528692,0.2389805426040482,0.021785241798013194
329,honor,0.1897173781609376,0.2327334555809388,0.1779659556820924,0.2124248496354421,0.020308605945496716
314,samurai,0.2595703273308368,0.2843894774680451,0.2177430361502916,0.2298050882834036,0.05458438918464151
314,datasetvideogamesamurai,0.1255107584168884,0.2793896471985319,0.1308483199830778,0.2441768251765361,0.03521282202199577
314,warriorshtml,0.1255107584168884,0.2793896471985319,0.1308483199830778,0.2441768251765361,0.03521282202199577
314,warrior,0.1692825495030665,0.1967553327809152,0.1473619326450917,0.1632415494303103,0.0335137833506049
314,koei,0.2010896282038865,0.2378288594223437,0.1788747865470735,0.2052923908810835,0.03253646854126019
196,god,0.2656963430674094,0.2846198945044383,0.2313599258724239,0.2398203737559315,0.04479952074850682
196,hand,0.2144532276301856,0.222979530970191,0.1857820510911181,0.1878545177794413,0.035125013190749704
196,handhtml,0.1301464219706986,0.2950408998998082,0.1328039657260521,0.2612675816537609,0.03377331824604729
196,clover,0.1948534825269667,0.2748671224650191,0.1816337210345063,0.2467104927269237,0.028156629738095407
196,datasetvideogamegod,0.1062724230332591,0.2409187348487008,0.1126599400705881,0.2216378850629915,0.019280849785709292
241,nfl,0.2909991029582306,0.3096632290849637,0.2435466610517886,0.2459784868617432,0.06368474222322049
241,madden,0.2442650402111155,0.2823763636396652,0.2188331126803742,0.2441110047512205,0.03826535888844468
241,06,0.2442650402111155,0.2823763636396652,0.2188331126803742,0.2441110047512205,0.03826535888844468
241,datasetvideogamemadden,0.114301071787181,0.2530651629883964,0.1210195031562553,0.233371521005445,0.01969364198295137
241,2006html,0.1023616550375963,0.2266310237587508,0.1094764645829299,0.211112162814201,0.015518860944549795
202,turismo,0.2675736069169208,0.3204922380699969,0.2336106931306952,0.258269721604043,0.06222251646595389
202,gran,0.2446923095306577,0.2836068664006455,0.21846160588867,0.2433015727308448,0.04030529366980068
202,polyphony,0.2151931865952306,0.2537964241854351,0.1971534050964156,0.2277095397751212,0.02608688441031387
202,racing,0.1238422511857342,0.1290708525758,0.1079232367565079,0.1100820280111678,0.018988824564632203
202,datasetvideogamegran,0.1077653153052306,0.2392161297022689,0.1159257342743072,0.221227359614768,0.01798877008750091
68,fantastic,0.2793818782379578,0.3057474231002281,0.24077184780072,0.2560981120112003,0.049649311089027814
68,datasetvideogamefantastic,0.139313505256106,0.3097623776763863,0.1381365878800826,0.2699639900952738,0.03979838758111254
68,fourhtml,0.139313505256106,0.3097623776763863,0.1381365878800826,0.2699639900952738,0.03979838758111254
68,4,0.1044111542047987,0.1331195882950383,0.0956732295520634,0.117072636077768,0.016046952217270316
68,7,0.119910053087901,0.1659035493505101,0.1126720223896762,0.1517932403761869,0.014110308974323194
127,lumines,0.532267744689236,0.455419206194294,0.4250023771637672,0.3810661580579529,0.07435304813634108
127,q,0.4280705911966014,0.3953784450519959,0.3804013857576128,0.3624893938023992,0.03288905124959668
127,plus,0.3177452785537824,0.2884138697410795,0.2806867136559397,0.2602083551090309,0.028205514632048623
127,datasetvideogamelumines,0.2039779303247469,0.3545971583319072,0.2494902213172186,0.3459612812756173,0.008635877056289876
127,plushtml,0.2039779303247469,0.3545971583319072,0.2494902213172186,0.3459612812756173,0.008635877056289876
211,guitar,0.3061959814045576,0.3129129322719775,0.2641462972117268,0.2637893853367563,0.049123546935221196
211,hero,0.1786319529132923,0.1957001571311883,0.1566051187204895,0.1613366125021268,0.03436354462906149
211,ii,0.1984632055132243,0.2226512954771568,0.1818181380541879,0.1966062709069922,0.02604502457016461
211,music,0.183574221909837,0.2044668526050434,0.1684655015179224,0.1814330882498808,0.023033764355162606
211,redoctane,0.2193019194910469,0.2655853169569551,0.2055564445473028,0.2434986518677755,0.022086665089179586
72,fantasy,0.2652998337247748,0.2900314715573644,0.2223607425228925,0.2296021150715968,0.06042935648576761
72,square,0.2071829767393176,0.2459944141546932,0.1827549585524987,0.2037155742252467,0.042278839929446504
72,final,0.2545553396993357,0.2651733045954841,0.2180821846170919,0.2236275447219741,0.04154575987351
72,x,0.2071829767393176,0.230435622346129,0.1827549585524987,0.19728411243885,0.033151509907279
72,datasetvideogamefinal,0.1217993963186191,0.2615969310751304,0.131140330169448,0.2394959683557682,0.022100962719362183
231,square,0.2039545571875132,0.2387779744603891,0.1750642770029883,0.191932708024334,0.046845266436055105
231,kingdom,0.2388324699044543,0.2501704188040068,0.200204689051983,0.2052198418675027,0.044950576936504116
231,heart,0.222793408699307,0.2333699449801586,0.1871288272608194,0.1918164280824882,0.041553516897670395
231,datasetvideogamekingdom,0.1261608802039566,0.2852532572810215,0.1309865492641074,0.2508175166207397,0.03443574066028182
231,heartshtml,0.1165015846455896,0.263413321505289,0.1223024452702901,0.2341888978042095,0.0292244237010795
39,tag,0.315671114803786,0.3705186857028444,0.2586545025818359,0.279949472739649,0.09056921296319542
39,crash,0.2764699313546564,0.2760555134782768,0.2211918222190819,0.2212105506687238,0.05484496280955298
39,racing,0.1420920019364184,0.1590442001544396,0.114775151330064,0.1194227798762306,0.039621420278209
39,radical,0.2379774712801195,0.3004137978460079,0.2172696650680574,0.2626909920690865,0.037722805776921386
39,team,0.1265948985803224,0.1485906477943714,0.1060826944865156,0.1148164601499841,0.03377418764438729
129,m,0.2527143263404744,0.2893880645415271,0.2295195190006539,0.2551757853632794,0.034212279178247706
129,dawn,0.2052320492544794,0.2580896496380779,0.1914639766749278,0.2330475051437241,0.025042144494353796
129,odysseyhtml,0.1197635388039916,0.2626578633484594,0.1218289366406009,0.2398364742632896,0.022821389085169813
129,saga,0.2002889480982546,0.2293547496041948,0.1863074960736691,0.2071334143460329,0.02222133525816189
129,bec,0.1793083687000267,0.2446983151011198,0.1690306546226343,0.2270354562149945,0.017662858886125316
262,07,0.2981455226085757,0.3157648529843075,0.255143652646712,0.2635224648888593,0.05224238809544823
262,nba,0.2684924811688365,0.2730034822962984,0.227125938507496,0.2268090446038891,0.0461944376924093
262,diego,0.185399705419083,0.248244734590891,0.1733048984648052,0.224669245721682,0.023575488869208988
262,07html,0.114256607213338,0.2458598979718013,0.1211352949945659,0.2253463062564764,0.020513591715324908
262,san,0.1674894136250824,0.224263382394042,0.1573406265298891,0.2039734606291343,0.02028992176490771
173,tekken,0.3247171424377013,0.376546647653745,0.2583463573807185,0.2834479513590998,0.09309869629464523
173,datasetvideogametekken,0.1473581223813859,0.3272673520662483,0.1531918004108499,0.2709048855865506,0.05636246647969767
173,namco,0.1718264526295173,0.2109610583792925,0.1403160319036886,0.1576225864966618,0.05333847188263069
173,4,0.1248954245652835,0.1590503948604966,0.1066143160335968,0.1254730980880587,0.0335772967724379
173,4html,0.0999228335296388,0.2219184162483075,0.107128488853123,0.1894463733566767,0.032472042891630803
364,recon,0.2613349238761698,0.3251934061405213,0.2267754840557516,0.2569156736268859,0.06827773251363539
364,ghost,0.2242938945105459,0.2791012178952721,0.1971507200129162,0.2233535527398174,0.05574766515545468
364,clancys,0.2160562503011304,0.2688506645467158,0.1903024805644002,0.2155951300937382,0.05325553445297759
364,tom,0.18373386380298,0.2265881711493785,0.1682750816744848,0.1965476009668318,0.03004057018254669
364,storm,0.1660562187354061,0.2222328129821995,0.1595322371509462,0.2033440193719855,0.018888793610213978
56,parallel,0.4279697619580431,0.439326054257004,0.3592513491192484,0.3648191654112445,0.07450688884575951
56,driver,0.2566167346692537,0.2634261284787038,0.228253738332491,0.2317913030100137,0.03163482546869009
56,datasetvideogamedriver,0.2039298846523267,0.3650859574951973,0.226792047913125,0.3350169106980588,0.03006904679713851
56,line,0.2446790894131348,0.2511717146072755,0.2179416511241225,0.2213193950875296,0.0298523195197459
56,reflection,0.3289054958134866,0.3128462200956859,0.2885965001216855,0.2837214503762841,0.02912476971940181
217,blood,0.2260526220860382,0.2582405462115945,0.199894536210069,0.2140235779967121,0.044216968214882385
217,hitman,0.2530923745351686,0.293991475822668,0.225867183625985,0.2540294921627185,0.03996198365994952
217,money,0.206110429675274,0.2166707896999087,0.1829806870874958,0.1881154463686706,0.028555343331238076
217,moneyhtml,0.1199426991637967,0.2668360666656357,0.1223454886065573,0.2404589711177018,0.02637709554793391
217,io,0.179576605194816,0.2485908287263699,0.1680576094642746,0.2272283764772147,0.0213624522491552
270,nfl,0.3363029472638841,0.34458899666735,0.2753541122775478,0.2789340673432136,0.06565492932413641
270,street,0.2165728615946844,0.2315206933066275,0.174771716296051,0.1774614963437992,0.05405919696282829
270,datasetvideogamenfl,0.1688135099416806,0.3514380729033614,0.1783504644881528,0.3107558399503788,0.04068223295298257
270,3,0.1604150877496342,0.1801978518740315,0.1331178075149106,0.1399582627436281,0.0402395891304034
270,html,0.1467182091560556,0.3054397998326649,0.1576946153445102,0.2747653211202618,0.030674478712403086
338,sith,0.308528915637739,0.3376245463151298,0.2732651081609351,0.2910447177648027,0.04657982855032711
338,episode,0.2287754864553783,0.2596221511924518,0.2035979769664628,0.2156981739702992,0.043923977222152605
338,war,0.1497986939566127,0.1699966188397596,0.1342822340364358,0.1422628707311893,0.027733748108570322
338,revenge,0.2092119726970956,0.2289415798177141,0.1910968995406677,0.2035303503138326,0.0254112295038815
338,iii,0.2092119726970956,0.2289415798177141,0.1910968995406677,0.2035303503138326,0.0254112295038815
386,arm,0.2327126894686788,0.2675802197924383,0.197560391078093,0.2103672685297961,0.0572129512626422
386,vth,0.132103816362805,0.2815052623255561,0.1369608316321899,0.2458356396603424,0.03566962266521373
386,vanguardhtml,0.132103816362805,0.2815052623255561,0.1369608316321899,0.2458356396603424,0.03566962266521373
386,wild,0.16623385066963,0.203118854281813,0.150570242722142,0.1746443182880121,0.028474535993800898
386,mediavision,0.1826410628495143,0.2421777343817376,0.1699999346877251,0.2157674027005431,0.0264103316811945
141,live,0.2636567030050966,0.3012875086544467,0.2193285754965317,0.2331428858739979,0.0681446227804488
141,nba,0.2926908180214723,0.2987374412653144,0.2382799241625551,0.2388524370395667,0.05988500422574766
141,ea,0.1731932389230976,0.1793761654079617,0.1481864646435371,0.1524948662473383,0.0268812991606234
141,2004html,0.1131227096738553,0.2517375136117993,0.1205349900560083,0.2270633939896278,0.024674119622171503
141,sport,0.1262900465312719,0.1455376308413382,0.1109585938241478,0.1229414724574228,0.02259615838391539
315,warrior,0.3399344836897954,0.3267649565178602,0.2699149462902471,0.2551456220930156,0.07161933442484458
315,samurai,0.4359053209275021,0.4054661479160152,0.3576133090118685,0.3406697018455857,0.0647964460704295
315,datasetvideogamesamurai,0.2304841326405886,0.4105995769481667,0.2642176458717777,0.3826558510853661,0.027943725862800584
315,omega,0.309287855322723,0.3428506403081207,0.2925337860792308,0.3183468547183348,0.024503785589785887
315,koei,0.2979286370256686,0.3302587612558988,0.2823723146236851,0.3072887389343788,0.02297002232152001
261,nascar,0.3286187190968651,0.3324288842017671,0.2671073112715142,0.26722378729442,0.0652050969073471
261,2001html,0.1366106167475636,0.3086048300222311,0.1374317385948478,0.2656184570995349,0.04298637292269619
261,2001,0.1914459887539854,0.2097609390764816,0.165462773703668,0.1760069277027312,0.03375401137375042
261,datasetvideogamenascar,0.1207996509987972,0.2728876909480281,0.1248639511541946,0.2413283160937341,0.031559374854294026
261,electronic,0.1098808913795111,0.1372221150212061,0.0976407961914542,0.1134480057497174,0.023774109271488694
143,football,0.2714705803471153,0.2985503583921384,0.222986263075464,0.2293529331020194,0.06919742529011899
143,ncaa,0.3002341815107948,0.3284604396864004,0.2547396409750936,0.2682275320511252,0.06023290763527517
143,datasetvideogamencaa,0.12224848105241,0.2717298090260993,0.1327595213478731,0.2451830145268796,0.026546794499219678
143,tiburon,0.1604857611916486,0.2219703418753583,0.1533175525719605,0.2002189593327922,0.02175138254256609
143,2004html,0.1049212539470467,0.2332154318186336,0.1154165113186072,0.2131535869063693,0.020061844912264315
193,factory,0.2412906359949766,0.2709379688896114,0.2158416658599402,0.2388928066839631,0.03204516220564832
193,datasetvideogamegeneration,0.1300250498636211,0.2747963153117528,0.1350733172158964,0.2446435411709777,0.030152774140775107
193,chaoshtml,0.1300250498636211,0.2747963153117528,0.1350733172158964,0.2446435411709777,0.030152774140775107
193,generation,0.1964435242384707,0.2149956295280961,0.175733792683503,0.1868422924312508,0.028153337096845282
193,chaos,0.1909849726861846,0.2090215729546115,0.1710313238565892,0.1818425707369181,0.0271790022176934
103,devil,0.3655356910920644,0.3523767436693905,0.2825939182817202,0.2790760664387587,0.07330067723063177
103,capcom,0.2753017177256827,0.2833100627927151,0.2145034763719746,0.2163241672308563,0.0669858955618588
103,kingshtml,0.2346571885132351,0.4368207640263411,0.2489886847120445,0.3712806438669837,0.06554012015935745
103,king,0.279863542949096,0.2697887137684268,0.2179981543157725,0.2152844186006344,0.05450429516779237
103,datasetvideogamedevil,0.1916117833119395,0.3566905668353318,0.2112214808086167,0.3149639008047957,0.0417266660305361
374,crime,0.3662843753020339,0.3233373655500953,0.2808988206182201,0.2559931451489787,0.0673442204011166
374,la,0.3476937093102,0.3156219207423523,0.2869992506766337,0.2716391323347812,0.04398278840757108
374,street,0.1932064193068361,0.192752010795407,0.1621503623198847,0.1588303736813744,0.03392163711403259
374,luxoflux,0.3085099893393446,0.3566227744583312,0.2815844319568272,0.3235405225946772,0.03308225186365399
374,true,0.278673376592749,0.2398321355542311,0.2258674958649471,0.2071423355070665,0.0326898000471646
78,ford,0.3089255973742605,0.3301079729104296,0.2604359130766723,0.2719206849718558,0.058187287938573806
78,racing,0.1500689097690881,0.1679932831661756,0.1220567487517483,0.1249267323514526,0.04306655081472299
78,razorworks,0.230634791327043,0.3138314463758253,0.2092708845661912,0.2744712818692201,0.03936016450660518
78,datasetvideogameford,0.1257874264921227,0.2750706390002099,0.131798887559781,0.2471933680945058,0.027877270905704105
78,empire,0.1848267657913245,0.2147421984879728,0.1665170633386305,0.1901688258648934,0.024573372623079404
187,crush,0.4881465231894523,0.4652714780993275,0.3982494023256015,0.3717739011286205,0.09349757697070699
187,wwe,0.3139306673809148,0.2965471261325358,0.2847267570487939,0.2729113067997306,0.02363581933280523
187,hour,0.240126037618071,0.2268293408838248,0.2203384822852695,0.2111949848409826,0.015634356042842218
187,pcl,0.3062683541668444,0.3139547904474392,0.2965533478860806,0.3059515536140018,0.0080032368334374
187,thq,0.235180527411678,0.2058482803612643,0.2159087937383251,0.2008438829107545,0.00500439745050979
32,burnout,0.3952073788092395,0.4018540540834251,0.3151228781748704,0.3153932366459082,0.08646081743751693
32,revenge,0.3104842781868054,0.30309828949458,0.2446236033906635,0.2385631718520992,0.06453511764248082
32,criterion,0.2776934691771179,0.356980493054994,0.2563224392932918,0.3089390543794357,0.04804143867555832
32,datasetvideogameburnout,0.1514530684658396,0.312890417672342,0.1708429932937956,0.2805134041821074,0.032377013490234585
32,4html,0.1112145518298024,0.2297607300120033,0.1279552740762384,0.2100944781063122,0.0196662519056911
66,soccer,0.3070110645070652,0.3266264295992783,0.2537562676238237,0.2569843038342134,0.0696421257650649
66,fifa,0.3507382863776106,0.3687801653560522,0.2971571940420731,0.3069408823287756,0.06183928302727659
66,datasetvideogamefifa,0.1344114319433796,0.2913805148806606,0.1442417438496558,0.2662661078572084,0.02511440702345219
66,2005html,0.1203713702292738,0.2609441126188669,0.1304837298955699,0.2408692100547395,0.020074902564127417
66,sport,0.1287880395702744,0.1445798831954788,0.1151078569506763,0.1252246385932743,0.019355244602204502
45,human,0.2947211341801672,0.3154182202201986,0.2348135471962043,0.2395177372894394,0.07590048293075921
45,datasetvideogamedestroy,0.2103049333701746,0.4171211108298002,0.2235213489824022,0.3618825851204285,0.05523852570937171
45,pandemic,0.3603877513549987,0.3797766492292881,0.3061283380859646,0.3246823055207122,0.05509434370857591
45,destroy,0.29362487558325,0.304081865669524,0.2425197441272416,0.2493465097350261,0.05473535593449791
45,thq,0.2417823726796078,0.2547902890531876,0.2099959802311019,0.222723513405576,0.03206677564761162
220,ico,0.3665034777991421,0.3955136518649211,0.2954392109562213,0.3094927597596182,0.08602089210530289
220,datasetvideogameicohtml,0.1588363521942892,0.3534054174702299,0.1632726580860571,0.2984204894140509,0.054984928056178994
220,scei,0.2066820028866292,0.286147919209285,0.1904157001678972,0.2477401117015163,0.038407807507768704
220,sony,0.1214632339839396,0.1435865182806734,0.1085928450441561,0.1241045646944021,0.01948195358627129
220,computer,0.1113155105726422,0.1315904909618541,0.0995762947560015,0.1138000639871814,0.0177904269746727
95,quiz,0.2939789305634653,0.3038753483092267,0.2572167090782805,0.2602679883978325,0.043607359911394195
95,hollywood,0.2208014036489814,0.2555305588058871,0.2006899288496144,0.2176614558903623,0.03786910291552481
95,buzz,0.2670825356911102,0.2698672971414527,0.2345262684832942,0.2327416286394255,0.0371256685020272
95,trivia,0.1933909037625213,0.2475391345405474,0.1815444748968356,0.2253887427826235,0.02215039175792391
95,datasetvideogamebuzz,0.0997922257261436,0.2249021222357254,0.1048573044035804,0.2119993450974349,0.012902777138290494
282,piece,0.4421711598584758,0.4382288843881307,0.3383795674559584,0.3302528192997639,0.10797606508836677
282,datasetvideogameone,0.2075176759466091,0.3811561172362734,0.2118762381145401,0.3330226412691277,0.048133475967145734
282,adventurehtml,0.2075176759466091,0.3811561172362734,0.2118762381145401,0.3330226412691277,0.048133475967145734
282,ganbarion,0.3106926892942402,0.355094107936396,0.2722845224621492,0.3115349024486746,0.04355920548772141
282,adventure,0.1366767047084048,0.1235581569984215,0.1077157337206991,0.1016832646327804,0.021874892365641094
359,sims,0.4129574472727191,0.4292825014476374,0.3338907083097169,0.3319364519688231,0.09734604947881431
359,maxi,0.2006360019955115,0.2909466353907269,0.1899377718695118,0.266179161455031,0.024767473935695894
359,simulation,0.1195579467827351,0.1879917539635107,0.1171123177224192,0.1738926938166221,0.014099060146888609
359,2,0.0813845170072359,0.0926780198214514,0.075508918431571,0.0828487902558477,0.009829229565603698
359,datasetvideogamethe,0.076615509899283,0.1785486363741251,0.0835820344533973,0.1707749367569171,0.007773699617208002
393,xiaolin,0.2401113190167113,0.3076767708149267,0.2210091190751527,0.2686080179589692,0.03906875285595751
393,showdown,0.2414269036127891,0.2817040467862167,0.2234850563845838,0.2491423467407292,0.0325617000454875
393,datasetvideogamexiaolin,0.1144143300376357,0.2556836030632642,0.1219626454059745,0.2364361892752191,0.01924741378804512
393,showdownhtml,0.1144143300376357,0.2556836030632642,0.1219626454059745,0.2364361892752191,0.01924741378804512
393,bottlerocket,0.1712996048699854,0.2382009282758876,0.1669110629908101,0.2232862467168899,0.014914681558997694
5,offroad,0.299212007291861,0.3249137885752183,0.2639177660647673,0.2721879020106158,0.052725886564602475
5,fury,0.2392007725293789,0.2597476950743801,0.2145002044897398,0.2212217900729821,0.03852590500139802
5,atv,0.2816104152371277,0.2852527467801477,0.2499210326998526,0.2490322505596949,0.036220496220452814
5,scea,0.1548358278998079,0.2176753699327265,0.1487519631791351,0.2076135210849165,0.010061848847809973
5,4,0.1108886604288784,0.1233074901916764,0.1044602897276069,0.1134495625864182,0.009857927605258207
246,manhunt,0.3170024789609816,0.3732649082939182,0.2640145333290531,0.2959417040592472,0.07732320423467098
246,rockstar,0.2241238913059525,0.2617053740859493,0.1875940621703701,0.2051743016885626,0.056531072397386695
246,datasetvideogamemanhunthtml,0.1502302589638527,0.3387871695080581,0.1526091538980021,0.2861424367923481,0.05264473271571002
246,north,0.1610418683749046,0.2259815440387853,0.1495082838795052,0.1982236928220591,0.027757851216726193
246,mature,0.0632469471662861,0.0887510988329049,0.0594053999233618,0.0787619083091773,0.009989190523727598
252,mercenary,0.2558023090153039,0.3199723168134543,0.2179408024517906,0.2551240551097567,0.06484826170369756
252,datasetvideogamemercenarieshtml,0.158604024667534,0.3459891896763881,0.1607915446117473,0.2863255528753887,0.0596636368009994
252,pandemic,0.219279112708852,0.2976529723962966,0.1964016216061321,0.250711805974541,0.04694116642175561
252,lucasarts,0.1881989802388221,0.25546430381819,0.1707447402111331,0.2179601259343698,0.03750417788382021
252,shooter,0.1091211615483712,0.1606119358115078,0.1003801009604561,0.1340899025637738,0.026522033247734
313,ssx,0.3207198260053621,0.3493425544756033,0.2645004389093668,0.2779292212376478,0.07141333323795551
313,tour,0.3018530044753526,0.3287919583050422,0.2504728038110583,0.2631893980647468,0.06560256024029543
313,datasetvideogamessx,0.133098057552096,0.2945562744505416,0.1417393796211001,0.2587381617030751,0.03581811274746649
313,4html,0.0902531522047702,0.1997371919605159,0.0991197016358857,0.1809380671651292,0.0187991247953867
313,canada,0.1252957225010773,0.1725430371046748,0.1187187502947798,0.1540554141732763,0.018487622931398495
260,motogp,0.3356561569705381,0.3859175476185517,0.2778742027934116,0.3038404633061766,0.08207708431237509
260,datasetvideogamemotogp,0.1590704008049799,0.3502711096491001,0.1665076926914548,0.2969848412449011,0.05328626840419898
260,namco,0.164016125273506,0.1996572839080028,0.140916426324373,0.1579316207091635,0.0417256631988393
260,simulation,0.1419171554118277,0.2108484198946504,0.1339647664687509,0.1795384196122811,0.0313100002823693
260,4,0.1192183350590121,0.150528112089995,0.1067370033092143,0.1254948668050547,0.025033245284940303
209,guitar,0.2905174876401384,0.2996980013265686,0.2468625399051058,0.2421919809751004,0.05750602035146821
209,bundle,0.2453686965315135,0.314567110568157,0.2211622001016355,0.2749208047191123,0.039646305849044716
209,controller,0.1553480580602825,0.1991590225125606,0.1480817967942508,0.1840765136185966,0.015082508893964008
209,hero,0.1392515211531328,0.1471174440303218,0.1281551213550807,0.1323326016660486,0.014784842364273187
209,redoctane,0.1885719972845144,0.2240047694737892,0.1776656846662461,0.209445734763535,0.014559034710254187
162,sacnoth,0.256530453043746,0.3448960245166664,0.2235476604335438,0.2919255223570259,0.0529705021596405
162,shadow,0.2067054853979642,0.2312835091985425,0.1799467160819726,0.195806871182023,0.035476638016519485
162,heart,0.2022316330604081,0.2262776997674383,0.1761521866640772,0.1916778992891002,0.034599800478338105
162,heartshtml,0.1237179075777865,0.267311223651594,0.1270440649176316,0.2386076716702722,0.028703551981321795
162,datasetvideogameshadow,0.1164400173662307,0.2515862427159946,0.1203063529069494,0.2259532452214961,0.025632997494498516
242,nfl,0.26645295624715,0.3206064637781125,0.2277342967548128,0.2515666375966288,0.06903982618148374
242,07,0.2538319888964737,0.3026926182345902,0.2241352248695335,0.2552631709533321,0.047429447281258086
242,madden,0.2538319888964737,0.3026926182345902,0.2241352248695335,0.2552631709533321,0.047429447281258086
242,datasetvideogamemadden,0.1350601241697141,0.2808814137506225,0.1460805401819397,0.2539890410540721,0.02689237269655037
242,tiburon,0.1773046719878883,0.2294460944867159,0.1665709834674119,0.2070200483366795,0.022426046150036405
55,viii,0.3436682859213292,0.343335521577877,0.3021961466700424,0.3002865342872935,0.043048987290583485
55,viiihtml,0.1489399697607336,0.3067824151289437,0.1528610398177156,0.2819293021883443,0.024853112940599442
55,cursed,0.2285697847044645,0.2699588935659215,0.213420767645779,0.2461500859509023,0.023808807615019217
55,dragon,0.2233079118635928,0.2130884915146256,0.1996127992095202,0.1909282808689041,0.022160210645721518
55,quest,0.1701312165236405,0.1699664832477276,0.1552356296193575,0.1542546777315473,0.01571180551618029
177,furious,0.3774871425829235,0.3755101236332291,0.3121296472428975,0.3011844065763648,0.0743257170568643
177,fast,0.2541304296482191,0.252799468620856,0.2137972352452598,0.2063001512153737,0.0464993174054823
177,drifthtml,0.1882336010983035,0.347019475968722,0.2072161161464026,0.3211830997810598,0.025836376187662213
177,tokyo,0.2602436925377533,0.3031609291224008,0.2481718903920798,0.2827756972607066,0.020385231861694164
177,eutechnyx,0.2602436925377533,0.298539323145056,0.2481718903920798,0.2804684635732865,0.018070859571769515
355,snk,0.3038900440708931,0.3279609197672932,0.2582548815703216,0.2707365387902499,0.0572243809770433
355,playmore,0.3038900440708931,0.3279609197672932,0.2582548815703216,0.2707365387902499,0.0572243809770433
355,xi,0.3231696366710945,0.361752986403113,0.2804422648634166,0.3080946807896522,0.0536583056134608
355,fighter,0.2390265548309218,0.2396140488913134,0.1935966533776713,0.1902502889071707,0.04936375998414272
355,datasetvideogameking,0.1741474464986789,0.3399688031948241,0.1856858145679683,0.3071244890408418,0.03284431415398231
67,guy,0.32260608571839,0.3396322037360286,0.2733512525426881,0.2856421579882531,0.053990045747775495
67,datasetvideogamefamily,0.2000240880316486,0.3672476173216666,0.2104443336815055,0.3246616975443332,0.04258591977733339
67,guyhtml,0.2000240880316486,0.3672476173216666,0.2104443336815055,0.3246616975443332,0.04258591977733339
67,family,0.2657670791870881,0.2797934161217001,0.2278343435228974,0.2380786367077438,0.04171477941395632
67,voltage,0.2765447133886981,0.3159415038472564,0.2500884317085148,0.2832155928799977,0.03272591096725869
375,skin,0.2634196273104922,0.2915360263160464,0.2362287584237448,0.2550151555343111,0.036520870781735326
375,panic,0.2113672028628556,0.2810854031440529,0.1943096384605524,0.2528384975350144,0.028246905609038475
375,datasetvideogamemeiwaku,0.1248368749567027,0.2667957756191588,0.129079995113889,0.2432714470734579,0.023524328545700884
375,seijin,0.1248368749567027,0.2667957756191588,0.129079995113889,0.2432714470734579,0.023524328545700884
375,makerhtml,0.1248368749567027,0.2667957756191588,0.129079995113889,0.2432714470734579,0.023524328545700884
226,league,0.2108357900622597,0.2387330140156829,0.1856862871004276,0.1976816217644871,0.041051392251195806
226,justice,0.247119797046787,0.2707683274848241,0.2193446818719172,0.2352141924979107,0.0355541349869134
226,datasetvideogamejustice,0.1347489775310751,0.2827683753641469,0.1374922535583906,0.2537710865736234,0.02899728879052349
226,americahtml,0.1347489775310751,0.2827683753641469,0.1374922535583906,0.2537710865736234,0.02899728879052349
226,snowblind,0.2017443671620058,0.2634337465986761,0.1867153049706867,0.2393495486900572,0.024084197908618876
294,snowblind,0.2869502139032667,0.3271937482491032,0.2459072769959681,0.2720196839367312,0.055174064312371984
294,datasetvideogamesnowblindhtml,0.1359882266085583,0.2994275216855232,0.1362903545366451,0.2606890130346923,0.03873850865083095
294,project,0.2118347650404068,0.2415436804880867,0.1866117149126633,0.2064276434985955,0.0351160369894912
294,crystal,0.2035997543083409,0.2789538036946089,0.185083118890517,0.2458743368315442,0.03307946686306473
294,dynamic,0.1503030979817679,0.2059315888250067,0.1404540713047302,0.1865867176021008,0.0193448712229059
82,hackinfection,0.3427845517244786,0.3834904091651372,0.2836250001272766,0.3077299449502962,0.075760464214841
82,part,0.1873409180495686,0.2165926582368219,0.1607525463901016,0.1730907624856121,0.0435018957512098
82,datasetvideogamehackinfection,0.1436472202715215,0.3077836363870116,0.1474296654644225,0.2694641674952966,0.038319468891715
82,cyberconnect2,0.177855493672295,0.2371265687613169,0.166411338619937,0.2141194345258259,0.023007134235491
82,1,0.142658237055222,0.1595989825791717,0.1259160630217728,0.1366175165259056,0.02298146605326612
398,tour,0.3290210352330481,0.3589513707329408,0.2763363589804715,0.2860168079068745,0.07293456282606631
398,soccer,0.2860182802098879,0.3006509537748284,0.2383451359474701,0.2399411142497123,0.06070983952511613
398,london,0.2353396912487105,0.2656491846265463,0.2136405980583679,0.2400536089855759,0.025595575640970397
398,datasetvideogameworld,0.135602859899371,0.2880956032320394,0.1434881644220111,0.2643107192929471,0.02378488393909234
398,2005html,0.1121406238396085,0.2382488149281216,0.1211964551165869,0.2232485331222656,0.015000281805855997
275,carbon,0.4091272163186993,0.4033386831675203,0.3466815254313777,0.3363876128110183,0.066951070356502
275,speed,0.20447810930346,0.2161057529148229,0.1843903804552502,0.1847939609049126,0.0313117920099103
275,need,0.2237637202341941,0.2256709589279868,0.2040672530953966,0.2018241132460088,0.023846845681978007
275,carbonhtml,0.1328576012180183,0.2921393023831169,0.1386473874719296,0.272026142106498,0.020113160276618913
275,box,0.1728777747606845,0.2365415168068919,0.1695009074702544,0.2275451612484545,0.008996355558437391
232,enix,0.250035593962791,0.2835792123128377,0.2155790778542939,0.2331161114425571,0.050463100870280636
232,heart,0.2142450441270847,0.2520174109139961,0.1856842193257918,0.2040903251058275,0.047927085808168596
232,square,0.2098325653184147,0.2379827313683715,0.1819512206631666,0.19675267867085,0.0412300526975215
232,kingdom,0.2100288060418363,0.2382344201320388,0.1858824166868932,0.2053188128166548,0.03291560731538401
232,ii,0.1959240870465645,0.2222355216271614,0.1737419778114871,0.1919089349949657,0.0303265866321957
60,2k5,0.2773276504404428,0.3381643935406434,0.2432781335925724,0.2885940439021586,0.049570349638484834
60,espn,0.2788471455916085,0.3070784412413974,0.246251719177897,0.2664533818699561,0.040625059371441286
60,nba,0.1941033936657134,0.2388163670017488,0.1766202061728966,0.2028416551519917,0.03597471184975709
60,datasetvideogameespn,0.116853624655403,0.2484947820615154,0.1214890427811569,0.2304631489130455,0.018031633148469894
60,global,0.1568064861658572,0.2074931391217009,0.1489139669136544,0.194532844596794,0.012960294524906879
236,lego,0.2890930659349674,0.3164120282390082,0.2458361891414186,0.2636238260703403,0.05278820216866792
236,star,0.1672805453371823,0.1898693488686635,0.1422841610315642,0.1517756527222794,0.03809369614638408
236,traveller,0.2276841863454985,0.2556734698966467,0.2016860108604996,0.2250303229043465,0.030643146992300196
236,video,0.1741559751124935,0.211059677282049,0.1560766188319886,0.181958493897989,0.02910118338406001
236,warshtml,0.1311917537517382,0.2772769758124919,0.1368603817065971,0.248287915141697,0.028989060670794875
342,z,0.2509083181020361,0.2914856583106111,0.225100496585197,0.2452670219092699,0.04621863640134116
342,ball,0.2357685603400995,0.2607583068647759,0.2089441702244809,0.2185001171339624,0.04225818973081352
342,meister,0.2323028043226024,0.312693650691158,0.2130254072923189,0.2808490757855395,0.031844574905618483
342,dragon,0.1922744421801148,0.20324349381043,0.1741996713534871,0.1810068388779673,0.022236654932462685
342,super,0.1760182715125947,0.1874074505945079,0.1597367323928035,0.1666339775854899,0.020773473009017995
79,front,0.297553314554446,0.3227562969553963,0.2551696265460878,0.2686519541947247,0.05410434276067161
79,enix,0.2311296727618817,0.2836313225194767,0.2056805715518402,0.234288051108171,0.049343271411305706
79,square,0.2121044158066217,0.2437920144102209,0.1848426752215464,0.1998521941255345,0.043939820284686376
79,datasetvideogamefront,0.1483746745228968,0.3293628385069777,0.1559732425975569,0.290037969738843,0.03932486876813468
79,mission,0.1370592789863555,0.1555519799841514,0.1173799134813274,0.124178662563328,0.0313733174208234
